799783;prayer church ;2;som
799783;prayer monks;2;som
799783;prayer monks church ;2;som
799783;monks church ;5;som
595922;stadium ;2;top
595922;cameraman stadium ;5;top
609301;sledding winter ;5;som
609301;carriage winter white ;5;som
312770;leaves sign person;4;top
733324;handshake green ;3;som
733324;hands bracelet green ;6;som
578004;exhibition dark screen ;4;top
633863;kinchen cutting ;3;som
757607;wheelchair sport ;5;top
405349;lemons  shell ;2;som
380564;singer black ;4;top
380564;young black singer  green ;5;top
380564;black singer microphone ;4;top
828435;house railing ;3;som
828435;house railing trees ;7;som
828435;yellow house railing trees ;3;som
783244;paved street ;2;top
783244;paved street bike ;3;top
783244;paved street channel ;4;top
1003086;guitarist sitting bottle yellow ;5;som
281943;cross biker track ;2;top
281943;biker track forest ;6;top
1080823;white building ;2;som
1080823;white temple ;3;som
1080823;white temple eastern ;5;som
1080823;white temple bay ;3;som
744979;gym beams ;4;top
541161;bedroom white window ;3;som
541161;bedroom white window fan ;8;som
1147086;people mist lights ;3;top
343;india shop ladies ;3;som
647700;two man ;2;top
647700;two man suit ;5;top
647700;two man suit gun ;6;top
20379;tree snow ;2;som
127721;night lights theatre ;4;top
127721;night lights building persons;8;top
595922;sitting crowd billboard ;5;som
757607;wheelchair sport ;5;som
405349;hand lemon ;2;top
20379;snow tree ;2;top
1080405;acoustic guitar singer;4;som
726654;mountain top snow ;2;top
799783;inside church chear;4;som
799783;inside church ;2;som
609301;sledge snow ;5;som
312770;text stone ;11;top
733324;handshake ;9;som
633863;cutting ;8;som
757607;wheelchair ;6;top
405349;hand lemon ;2;som
380564;singing man microphone ;4;top
828435;house grass ;4;som
828435;house grass garden ;6;som
783244;pavement ;14;top
1003086;man playing guitar ;4;som
281943;bike ride ;9;top
281943;bike ride ;6;top
1080823;white castle ;4;som
799783;room wood priest people praying cloak ;6;top
595922;camera cameraman crowd ;3;som
609301;snow child sledge vintage ;3;top
609301;snow child sledge vintage winter ;5;top
312770;text person paper bushes ;6;som
733324;hands arm woman bracelet ;18;top
578004;screen dark television ;2;som
757607;handicapped wheelchair green human ;4;som
828435;building chair door tree ;2;top
783244;sidewalk street bicycle ;3;som
783244;sidewalk street bicycle;5;som
1003086;guitar guitarist window ;15;top
281943;bicycle helmet trees ;10;som
1080823;white building temple sky ;8;top
343;hindu india praying dress ;6;top
647700;men shirt sky handgun ;3;som
647700;shirt sky handgun man suit ;4;som
20379;winter snow tree sky ;4;top
958292;men sunglasses suit bold ;4;som
1098994;safari car couple grass ;2;top
667883;snowboard snowboarder sky mountain snow ;7;top
799783;church priest brown wooden chairs ;2;top
799783;church priest brown wooden chairs reading four ;3;top
799783;church priest wooden chairs reading book ;2;top
799783;church priest wooden chairs reading book monk ;2;top
799783;church priest wooden chairs book monk;6;top
595922;spectators camera judge advertise ;2;som
595922;spectators advertisement cameraman fans ;3;som
595922;spectators advertisement cameraman fans audience ;3;som
609301;snow winter tree house kid sled ;5;top
609301;snow winter tree house kid sled pulling ;4;top
312770;tree create stone man ;2;som
312770;stone man words shirt leafs tree ;9;som
312770;stone man words shirt leafs tree create ;11;som
733324;hand greensleeves shirt handshake ;2;top
733324;hand greensleeves shirt handshake grass ;7;top
733324;hand shirt handshake grass shoulder ;3;top
578004;screen tree fog ;5;som
578004;screen tree fog city ;12;som
578004;screen tree fog city shine ;4;som
578004;screen tree fog city shine  whiteboard ;2;som
578004;screen tree fog city shine  whiteboard dark ;4;som
578004;screen city shine dark blurry;7;som
578004;screeen blurry shine room ;3;som
578004;screen blurry shine room ;35;som
578004;screen blurry shine room dark ;7;som
633863;knife cutting garlic ;2;top
757607;wheelchair sport green ;7;som
405349;orange peel shirt squares peeling ;2;top
405349;orange peel shirt squares peeling hand ;2;top
405349;peel shirt squares peeling hand lemon ;2;top
380564;sing microphone black ;2;som
380564;sing microphone black woman ;6;som
380564;sing microphone black woman window ;4;som
380564;sing microphone black window singer ;3;som
380564;sing microphone black singer man ;7;som
828435;house garden armchair ;3;top
828435;house garden armchair tree chair ;3;top
783244;sidewalk city ;5;som
281943;bike jump helmet ;9;som
281943;bike jump helmet man ;22;som
281943;bike jump helmet forest ;8;som
281943;bike jump forest bicycle ;5;som
1080823;white house church ski ;18;top
744979;skate blurry ;11;som
541161;room fan window white bed ;5;top
1147086;man mask fire dark ;2;som
343;indian people ;3;top
343;indian people blue ;5;top
647700;suit gun man sky ;3;som
647700;suit gun man sky ;11;som
647700;suit gun man sky pistol belt ;4;som
647700;suit gun man sky pistol belt men ;7;som
20379;tree snow sky ;2;top
127721;dark lights ;21;som
127721;dark lights wire ;13;som
127721;dark lights people ;11;som
900219;words black stone ;11;top
900219;words black stone sign ;18;top
900219;words black stone sign advertisement ;18;top
958292;bald man suit ;3;som
958292;bald man suit sunglasses ;16;som
1098994;truck couple field ;2;top
990334;man tent sleeping ;2;som
667883;ski mountain sky ;2;top
920562;fish fishing boat water man ;2;som
799783;monks church praying cross ;2;som
799783;monks church praying light ;2;som
799783;monk church praying wood chair curtain ;7;som
595922;cameraman advertisements champions crowd ;3;top
595922;advertisement audience cameraman men sitting ;2;top
595922;advertisement audience cameraman men sitting ;2;top
595922;advertisement audience cameraman ;2;top
595922;advertisement audience cameraman interview ;2;top
595922;advertisement audience cameraman interview outside ;3;top
595922;spectators cameraman advertisements ;3;top
595922;spectators cameraman advertisements fans ;7;top
312770;create man transparent bush wall ;3;top
312770;create man transparent bush wall stone;8;top
312770;man transparent bush wall stone;2;top
312770;man transparent bush wall stone shirt  lettering ;5;top
733324;hand woman bracelet blouse green park ;5;som
733324;woman handshake park green close ;3;som
733324;woman handshake park green blouse ;4;som
578004;screen blurry room shine ;2;top
633863;knife board ;5;som
757607;wheelchair sport coach ;5;top
405349;lemon peels cooking ;3;som
380564;black person microphone speaking ;3;top
828435;house chair garden fence ;12;som
828435;house chair garden fence old ;2;som
828435;house chair garden fence old yellow ;8;som
783244;sidewalk city bicycle ;6;top
783244;sidewalk city bicycle pavement ;15;top
783244;sidewalk city bicycle pavement stripes ;4;top
783244;sidewalk city  ;2;top
783244;sidewalk city pavement ;13;top
1003086;man guitar playing ;5;som
281943;forest bicycle jump ;4;top
1080823;building church white ;2;som
1080823;building white church sky ;4;som
1080823;building white church sky architecture ;3;som
1080823;building white church sky muslim ;4;som
744979;room blurry peephole round ;2;top
744979;room blurry peephole people ;18;top
541161;bedroom window bed white ;4;som
1147086;men fog smoke lights mask ;13;top
343;indian people room color ;4;som
647700;men suit guns sky talkign ;2;top
20379;tree winter snow sky ;3;som
127721;dark lights men ;8;top
127721;dark lights men ship ;6;top
127721;dark lights men ship neon ;4;top
127721;dark lights men ship ;3;top
127721;dark lights men ;4;top
127721;dark lights men blurry ship ;5;top
127721;dark lights men blurry ship stick ;24;top
900219;board writing street blurry ;11;som
900219;board writing street blurry ;3;som
900219;board writing street blurry close ;8;som
958292;men suit sunglasses bold ;5;top
1098994;safari car couple ;4;som
1098994;safari car looking people terrain ;3;som
667883;mountains man snowboard ;3;som
799783;christ monk chairs saint ;4;top
595922;crowd audience stadium cameraman ;5;som
609301;snow white man child ;5;top
312770;bush word green white shoulder ;13;som
733324;hand palms shoulder body green ;6;top
578004;display television dark white ;19;som
757607;green wheelchair man sport ;3;som
380564;black microphone talking face fingers ear shoulder ;5;som
828435;house chair column tree white black green;24;top
783244;path building people tree white gray ;6;som
733324;female handshake  grey bracelet ;3;som
733324;bracelet top hand ;2;som
733324;bracelet top hand woman ;2;som
733324;bracelet top hand woman park ;3;som
733324;bracelet top hand woman park grey ;6;som
757607;wheelchair football trainer ;5;top
405349;hand lemon ;2;som
828435;chair house tree handrail door ;5;som
783244;bike biker sidewalk city stone ;2;top
783244;bike biker sidewalk city stone people ;2;top
783244;bike biker sidewalk city stone people square ;3;top
1003086;guitar guitarist acoustic ;4;som
281943;bicycle helmet ramp woods ;2;top
1080823;church building sky ;2;som
1080823;church building sky arch ;3;som
744979;skateboard ramp people hall ;3;top
541161;room bedroom window ;4;som
1147086;fire fireman camera people ;9;top
647700;man gun suit two ;5;top
20379;tree snow sky ;2;som
127721;people light bulb ;2;top
127721;people light bulb party ;6;top
127721;people light bulb party boat night ;8;top
958292;guy sunglasses suit skin two head hand ;2;top
1098994;car jeep man female desert ;2;som
667883;mountain helmet snowboarder peak ;13;som
1025320;wedding hairstyle women hair ;8;top
1070429;crane boat dock fog ;6;som
727362;hair women corridor ;2;som
727362;hair women corridor door window ;3;som
727362;hair women corridor door window picture ;5;som
1080405;guitar guitarist microphone man show ;2;top
346112;group photograph lake people ;2;som
860818;desert sport dirt wind ;4;top
234980;tablet hand ;6;som
83008;newspaper article ;2;som
1031917;climbing hands gloves ;6;som
468747;article internet ;3;top
468747;article internet sport ;4;top
733324;hands shoulder woman green shirt bracelet grass ;2;som
757607;wheelchair man gym green ;2;top
1003086;man guitar yellow shirt bottle;2;som
541161;bedroom open window bed white fan;2;som
799783;church mass priests ;4;som
799783;mass priests ;3;som
799783;mass priests theatre ;8;som
609301;winter sled vintage ;2;som
312770;motivational bushes create text ;2;top
312770;motivational bushes create text person ;4;top
733324;handshake ;7;som
733324;handshake girl bracelet ;3;som
578004;night motorbikes billboard parked ;7;top
633863;cooking cutting ;2;som
757607;wheelchair sport ;6;top
405349;hand lemon ;2;som
380564;black speach microphone ;5;top
828435;house tree garden ;5;som
828435;house tree garden chair ;5;som
757607;wheelchair four person match green curtain coach ;2;top
405349;lemon hand peeling checkered shirt white apron ;3;som
405349;lemon hand peeling checkered shirt white apron woman ;4;som
405349;four lemon hand peeling checkered shirt white apron woman ;2;som
281943;mountain bike red helmet outdoor black clothes trees ;8;top
281943;mountain bike red helmet outdoor black clothes trees;11;top
541161;bedroom fan opened window bed white sheet white wall hook rack lamp picture ;5;som
1070429;port transport ship crane sea fog ;2;som
1080405;concert man playing guitar singing microphone black shirt long hair sitting ;4;top
234980;tablet hand bricks ;16;som
780226;rapping two men graffiti ;3;top
1031917;hands mountain climbing ;2;som
1031917;hands mountain climbing gloves first person ;5;som
670383;road yellow line ;5;som
670383;road yellow line trees ;3;som
670383;road yellow lines trees ;3;som
670383;road yellow lines trees ;4;som
670383;road two yellow lines trees;3;som
670383;road two yellow lines;8;som
427607;bike first person outdoor gloves ;2;top
427607;bike first person outdoor gloves mountains ;3;top
427607;bike first person outdoor gloves mountains ;3;top
427607;bike first person outdoor gloves mountains ;3;top
427607;bike first person outdoor gloves mountains ;4;top
427607;bike first person outdoor gloves mountains ;3;top
427607;bike first person outdoor gloves mountains ;6;top
331265;snow mountain building sky ;2;top
990334;man tent masturbating;2;som
757607;green people disabled gym ;3;som
828435;house chair ;3;top
783244;street people cyclist walkway ;3;som
783244;street people cyclist walkway black line;2;som
281943;dirtbike jump red helmet cyclist tree ;6;som
281943;dirtbike jump red helmet cyclist tree ;8;som
1080823;white tower islam blue sky ;3;top
1080823;white building islam blue sky muslim arabic;2;top
744979;people indoor gymnasium ;9;som
541161;bedroom window fan open bed hanger ;3;top
1147086;mask protest hoodie smoke night ;5;som
343;india shop women man sari indoor ;2;top
647700;two men guns sky white shirt ;3;som
127721;dark night ship people rope;7;som
799783;orange church ;5;som
595922;cameraman race ;9;top
609301; sledge snow pink ;2;som
609301; snow pink child ;4;som
312770;collage bush board ;5;top
733324;bracelet woman green ;2;som
733324;bracelet arm grass hands ;2;som
578004;stock motorcycles garage ;6;top
578004;motorcycles garage tg 5 ;3;top
633863;board chopping knife ;4;som
633863;board chopping knife garlic ;3;som
633863;cutting knife board ;2;som
958292;sunglasses suit black men bold outside worried ;2;top
667883;skiing mountains red ;2;som
667883;skiing mountains red rock ;9;som
920562;fishing men net lake cap ;2;top
1025320;bride makeup girls preparation hair ;4;top
1070429;tanker  brown ship ;4;som
300925;man smile tie vest hair ;2;top
727362;hair hallway ;3;som
1080405;concert guitar singer sing ;3;top
1080405;concert guitar singer sing orange ;4;top
346112;group lake mountain people posing ;5;som
346112;group lake mountain people posing ;3;som
234980;tablet touch path bricks ;5;som
373440;man vest green ;2;top
83008;poster letter black white ;3;som
82591;red concert guitarists guitars ;2;top
726654;mountain snow ;4;som
780226;dance musician clip graffiti ;3;top
1031917;climbing rock hands ;5;som
670383;road turn ;7;som
427607;bicycle trail terrain ;2;top
427607;bicycle trail terrain mountain ;6;top
331265;snow panorama track sky ;6;top
996744;posing group dress dressed ;4;top
76855;parachute crops rope view ;13;som
1008242;surf hands handing blue ;2;top
799783;(church) service prayers inside chapel;2;top
799783;(church) service prayers inside chapel gloomy  4 men ;3;top
799783;(church) service prayers inside  modern chapel gloomy  4 men ;2;top
799783;(church) service prayers inside  modern chapel gloom woody  4 men ;2;top
799783;(church) service prayers inside chapel gloom  chairs standing men ;6;top
609301;lying child   sledge  winter;3;top
609301;lying child   sled   winter;2;top
609301; man pull lying child   sled   winter ;3;top
733324;handshake staying girl leather bracelet dark clothes ;13;top
1003086;guitar player bottle yellow ;5;top
281943; cyklokrose;2;som
281943; cyklokrose track  up biker ;2;som
281943; cyklokrose track  up biker  off road red helmed;37;som
1080823; white  oriental church ;2;top
1080823; white  old historical oriental building ;3;top
1080823; top white  old historical oriental building ;9;top
20379;snowy spurce;4;top
20379;snowy spurce near ;7;top
920562; fishing two men  on the  ship;4;som
189079; winter green wing man  mountains ;2;top
189079; winter green wing black man mountains ;18;top
727362; head woman black hair corridor;2;top
727362; head woman black  short hair corridor;4;top
727362; head woman black  short hair corridor picture door ;3;top
1080405;guitarist leather  bracelet ;8;som
1080405;guitarist leather  bracelet mike ;17;som
346112;human group rocky  coast white car ;2;top
346112;human group ;2;top
346112;human group sea rocky coast ;2;top
346112;  group sea    ;2;top
346112;  group ;5;top
346112;  group near  sea ;5;top
346112;  group near  sea front of white car ;3;top
346112;group peoples near  sea ;3;top
83008;white notice Theatro Municipal;2;top
83008;white notice  ;3;top
468747;wine-coloured signboard;3;som
468747;wine-coloured signboard  ;16;som
611418;tourists models of buildings park  ;2;top
611418;tourists models of buildings park backpack ;3;top
611418;tourists park backpack red  headscarf baby buggy ;3;top
611418;tourists park backpack red  headscarf baby buggy small buildings  models;4;top
611418;a lot off peoples park baby buggy small buildings  models peoples ;5;top
341398;two sitting men white and black T-shirt glasses;20;som
717732; footpath garden house dusk ;9;top
717732; footpath garden house dusk lawn ;7;top
717732; footpath garden overgrown house dusk lawn ;85;top
717732; footpath garden overgrown house dusk lawn window ;4;top
717732; footpath ;43;top
799783;praying chair church ;5;top
799783;prayer bible chair ;3;top
799783;prayer bible chair people ;2;top
799783;prayer bible chair people church ;4;top
595922;spectators cameraman stands ;3;som
595922;spectators cameraman panel ;5;som
595922;spectators cameraman panel ramp ;3;som
609301;snow sled ;2;top
609301;snow sled child ;2;top
312770;wall sign tree leafs ;4;som
312770;wall sign tree leafs ;3;som
633863;chopping knife garlic herbs onion ;2;top
633863;chopping brown board knife garlic herbs onion  ;2;top
757607;wheelchair people green curtain coach ;3;som
380564;singer microphone black glass ;2;som
380564;singer girl microphone black glass ;2;som
380564;singer girl microphone black glass green ;5;som
828435;wall chair trees house pole ;2;top
828435;wall chair trees house pole pavement railing ;2;top
828435;wall chair trees pole pavement railing door ;2;top
828435;trees pole pavement railing door chair ;2;top
783244;street pavement building ;2;som
783244;street pavement building cubes ;4;som
783244;street pavement building cubes people ;2;som
783244;street pavement building cubes stripes tree ;3;som
783244;pavement stripes cubes street greyish ;2;som
1003086;guitar man yellow bottle ;2;top
1080823;building white india religion ;2;top
1080823;building white blue india religion ;3;top
1080823;building white blue religion india old ;4;top
744979;blurry brown people ramp skateboard ;3;som
744979;blurry brown ramp skateboard white wall ;3;som
744979;blurry brown ramp skateboard white wall stripes ;3;som
541161;window bed white fan hook bedroom ;2;top
1147086;firefighters dark wood ;7;som
343;india people pray figurines wall ;2;top
343;india people figurines celebration ;4;top
343;india people celebration wall sitting gifts ;2;top
343;india people celebration wall picture ;2;top
343;india people celebration wall picture yellow dress presents ;2;top
647700;men guns suit two sky ;2;som
647700;men guns suit sky belt pair ;2;som
647700;men guns suit belt pair sky ;3;som
127721;night lights builiding people pyramid ;2;som
799783;church priests inside ;2;som
799783;priests church ;5;som
595922;crowd advertisements cameraman ;2;top
595922;crowd car race ;2;top
595922;race competition;2;top
609301;snow sledge people;4;som
609301;snow sledge boy ;2;som
609301;winter snow people;5;som
609301;winter two people sledge ;3;som
609301;snow two people sledge ;2;som
609301;snow two people sledge child ;4;som
609301;snow two people blue overall ;2;som
312770;stone words ;3;top
312770;stone words plaque ;3;top
312770;stone words plaque shirt ;5;top
312770;stone text plaque shirt transparent;8;top
312770;stone text plaque  transparent;7;top
733324;two hands person torso ;2;som
633863;cutting board vegetables ;2;som
633863;cutting board knife vegetables ;4;som
633863;brown cutting board knife vegetables ;2;som
757607;people wheelchair gym ;3;top
405349;hand holding  food ;4;som
380564;brown person singing ;3;top
380564;person holding mic ;6;top
609301;snow sledge pull tree ;2;som
733324;woman side grass arm;2;som
757607;wheelchair basketball coach green curtain ;2;top
405349;peeled lemons hand;2;som
783244;street bicycle poles tree stones ;2;top
783244;street bicycle poles tree stones buildings ;2;top
281943;bmx helmet forest ;2;top
281943;bmx helmet forest pile dirt ;3;top
281943;bmx helmet forest pile dirt fall ;2;top
541161;hanger window fan framed pictures bed bedroom ;2;som
343;indian women men;2;som
20379;single tree snow ;3;som
633863;choping vegetable knife ;2;som
757607;wheelchair training people ;2;top
405349;hand lemon peeling ;2;som
799783;priests  table chair priest;5;top
595922;crowd ;6;som
609301;snow child woman bobs bobbing ;2;top
609301;snow child person bobs ;2;top
609301;snow child pink bobs person tree;2;top
609301;snow child  bob  person tree lie ;4;top
312770;text bush neck shirt grass;4;som
733324; arm  hands top green  outside ;2;top
733324; arm  arms top green   bracelet ;4;top
578004;light screen news;11;som
633863;knife board  onion finger;2;top
757607;wheelchair gym trousers ;5;som
405349; hand sleeve fruit ;2;top
380564;african microphone;5;som
380564;african microphone 3 ;5;som
828435;  chair towel house ;3;top
783244;sidewalk pavement ;3;som
281943; helmet trees  bycycle ;7;som
1080823;white building old sky;5;top
744979;ramp  person blurry ;6;som
541161;bed window white rack fan ;4;top
1147086;light smoke  hoodie people ;6;som
343;indian colorful woman man celebration ;7;top
343;indian robes ;6;top
127721;lights dark window;5;som
127721;lights dark window foggy light;2;som
127721;light dark house ;6;som
127721;light dark windows;10;som
900219;sign block brick;2;top
900219;sign block brick text;3;top
900219;sign block brick text street ;4;top
900219;sign block brick text street spanish ;6;top
900219;sign block brick text street ;9;top
799783;church altar small priest bible dim poor ;3;som
595922;stands cameraman viewers billboard ;3;top
733324;park grass hands woman bracelet focus near arm ;2;som
733324;park grass two hands woman bracelet arm close side green ;2;som
633863;chopping borad knife table cooking ;3;som
757607;wheelchair sport gym ;6;top
405349;cooking orange peeled fruit white apron checkered sleeve detail ;5;som
405349;cooking orange peeled white apron hand sleeve holding checkered ;4;som
405349;cooking peeled white apron hand sleeve checkered peel orange;2;som
380564;mic singer black ;4;top
828435;backyard garden house chair drain pipe railing pavement hanging door ;2;som
783244;street pavement city pov cyclist stone posts long cars glass entrance ;3;top
1003086;guitar bottle window reflection playing indoors guy ;2;som
1003086;guitar bottle playing indoors guys ;3;som
281943;biker slope jump forest ramp leaves ;13;top
281943;biker forest ramp leaves bike steep ;4;top
1080823;temple arabic building sky ;2;som
1080823;temple building sky light old ;2;som
799783;church praying brown;2;top
799783;church brown reading chairs;2;top
595922;crowd stadion sport;4;som
312770;monument citat bush;6;som
578004;display room;2;som
578004;display room tg5;2;som
633863;cutting board garlic;4;top
633863;dark cutting board herbs;2;top
757607;wheelchair sporting ;2;som
757607;wheelchair sporting green;5;som
380564;black person microphone;3;som
828435;back garden home chair fence;2;top
783244;square city pavement ;3;som
1003086;guitar yellow window man;4;top
281943;bike hill cross;8;som
1080823;church muslim white sky;2;top
744979;wide lance skating;4;som
541161;3rd bedroom white;4;top
1147086;mask black fire mens;3;som
343;india praying colorful people;6;top
647700;pistols in pants mans white suits;2;som
647700;pistols in pants mans white suits sky;4;som
20379;pine snow sky;3;top
127721;dark lights fence people boat;3;som
900219;sign advertise fandi;2;top
900219;sign advertise fandi street;3;top
958292;bald mens black suits;2;som
958292;bald mens black suits glasses black;3;som
1098994;jeep grassland;2;top
990334;tent bag man;4;som
667883;snowboard mountains snow pink;2;top
920562;fishing lake mens white shirt;3;som
920562;fishing lake mens white shirt net;2;som
727362;black hair from behind hall;3;top
1080405;guitar mikrofon singer ;2;som
346112;group photo lake people;3;top
234980;tablet pavement;4;top
827903;pointing woman summer turban;2;top
82591;guitar red band;2;som
726654;mountain top;2;top
1031917;climbing rock split;3;top
670383;road ;4;top
427607;bike cross road plains;6;som
331265;snow trail clean;3;som
996744;pink field photo wedding;6;som
384835;flames metal working;4;som
627448;motorbike cross forest helmet ;4;som
627874;motorbike helmet cross forest;8;top
799783;standing men church ;4;top
595922;auditorium  cameraman ;3;som
609301;sledge  tow snow blurred headscarf ;2;top
609301;snow sledge kid women blurred ;2;top
609301;snow sledge kid women blurred tow tree house ;2;top
733324;handshake green park detail ;2;top
733324;bracelets ;2;top
733324;bracelets green ;6;top
733324;bracelets green park grass woman ;2;top
578004;night motorbikes fence light parking ;4;som
633863;knife chopping board ;3;top
633863;knife chopping board herbs tongs ;4;top
757607;wheelchair sport ;12;som
380564;afro singer microphone black ;2;som
380564;microphone black singing ;4;som
799783;light chairs candles  books reading curtain;2;som
595922;camera stadium match sitting fans blue  chairs;2;top
595922;camera stadium cameraman sitting fans blue  chairs committee ;2;top
595922;sports fans sitting committee blue chairs ;2;top
633863;knife cutting garlic leaves white radish brown board cucumber ;4;som
757607;disabled person carriage green sport indoor hall  referee ;5;top
757607;disabled person carriage green sport indoor hall  referee watches blue line ;3;top
405349;lemon peeling ;2;som
783244;street cyclist  window red white bin buildings cafe ;2;top
783244;street cyclist  window red white bin buildings blocks ;2;top
783244;street cyclist  window red white bin buildings blocks pavement sidewalk ;2;top
1003086;bottle yellow shirt man playing guitar ;2;som
281943;red helmet bmx man ramp trees ;10;top
1080823;cathedral blue sky;2;som
595922;people watching  camera ;4;som
595922;people watching  camera banner ;2;som
609301;snow tree sled pink child ;2;top
312770;leaves wall text tree ;3;som
733324;hand green;2;top
733324;hands green bracelet ;3;top
733324;hands green bracelet grass ;3;top
633863;knife board ;2;top
633863;knife bowl pan ;2;top
757607;wheelchair person green gym ;5;som
380564;mic ;2;som
380564;mic man ;3;som
828435;house railing chair tree ;2;top
799783;pray priests church men ;5;top
595922;crowd cameramen;2;som
595922;crowd cameramen ;3;som
609301;snow kid toboggan parent ;2;top
609301;snow kid sledding cottage mom ;2;top
312770;inscription wall tree men ;2;som
312770;inscription wall tree men legend;2;som
312770;legend quote treehouse ;2;som
312770;quote tree men wall;3;som
312770;quote tree men wall grey ;2;som
312770;quote tree men wall poem ;3;som
733324;hands touch girl nature ;4;top
578004;smoke screen light street;2;som
633863;cooking knife chopping vegetable ;5;top
757607;wheelchair sport coach gym;4;som
405349;lemon person apron;4;top
380564;blackmen rap sing mic;4;som
828435;house garden chair terrace;4;top
783244;street tiles grey city;4;som
281943;trial bike man bmx nature jump ;8;som
1080823;cathedrale white building church ;4;top
1080823;cathedrale white building church old ;2;top
1080823;cathedrale white building church old sky ;2;top
1080823;cathedral white old sky arc  ;4;top
799783;priest mass inside four ;2;top
799783;priest mass inside four ;3;top
595922;audiance contest ovation ;2;som
595922;platform ovation cameraman sports ;4;som
609301;black white sledge snow pulling ;4;top
609301;black white sledge snow pulling lying people ;2;top
312770;tree plate create;9;som
578004;outdoors billboard news night cinema ;4;som
578004;outdoors entrance news night cinema light ;9;som
757607;wheelchair sport indoor coach green ;4;som
380564;african american microphone grey conference ;5;som
828435;garden chair terrace clothes house;11;top
828435;garden chair terrace clothes house backyard ;6;top
783244;city sidewalk entrance cobble;2;som
783244;city sidewalk entrance cobble cyclist ;2;som
1003086;guitarist guitar acustic yellow window alcohol talking sitting;4;top
281943;bmx jump trail helmet rider outdoors;8;som
799783;priest church indoors ;4;som
595922;people sitting banners stadium ;5;top
609301;snow winter sledge pulling ;6;som
312770;wall text tree building ;7;top
733324;hands outside ;4;som
578004;screen building dark ;5;top
633863;board knife food ;2;som
757607;wheelchair gym green ;4;top
405349;hand lemon ;2;som
380564;microphone black man ;11;top
828435;house garden porch chair ;4;som
783244;sidewalk ;15;top
1003086;guitarist sitting ;4;som
281943;bmx ramp nature ;17;top
1080823;white sky temple ;23;som
744979;fish eye ramp skateboard indoors ;9;top
541161;bedroom window white ;2;som
1147086;masked man lights foggy dark ;4;top
343;indian people ;4;som
647700;two man suit sky ;4;top
20379;tree snow sky;2;som
127721;dark lights building glowing ;10;top
900219;sign ;7;som
958292;suit sunglasses bald building ;5;top
1098994;jeep;2;som
667883;snowboarder mountains sky ;5;som
920562;man fishing water ;2;top
189079;snow mountain sky;3;som
1025320;woman back head hand;12;top
1070429;crane ship foggy ;14;som
300925;man smile wooden wall suit;3;top
727362;black hair woman white corridor ;5;som
1080405;guitarist playing microphone ;9;top
346112;group standing next eachother ;7;som
860818;sky horizon ground ;4;top
234980;tablet finger ;3;som
237618;man smile face;3;top
827903;sunglasses sitting cup man woman ;13;som
806108;city tower selfie;3;som
340554;club green light;2;som
415597;teacher map moustache person ;7;top
394281;blue shirt man glasses text ;2;som
1145030;blue wedding valley;5;top
337634;sign text grey wall ;12;som
337634;sign text grey wall stone ;3;som
1016254;bicycle hills clear ;7;top
486688;wedding hall empty;2;som
486688;wedding hall empty podium ;5;som
486688;purple white podium hall ;2;som
486688;purple white podium hall event ;3;som
785006;kids green trampoline ;2;top
495903;racing curve ;5;som
1153009;shop clothes male red;2;top
1153009;shop clothes ;2;top
1153009;shop clothes aisle ;2;top
1153009;hug ;4;top
517109;traffic sign cycling tree lamps ;3;som
517109;traffic sign tree lamps ;8;som
109923;subway  male ;4;top
272999;grass tree blurry ;4;som
272999;grass trees sky ;5;som
178150;attack black men cap door ;3;top
178150;attack black men cap door masked ;2;top
178150;men door masked ;4;top
95394;surf wave ;7;som
599777;meeting greyish;7;som
219484;desert discussion film cap sand boy female ;2;top
219484;desert movie persons ;3;top
1130564;castle coast sea ;5;som
799783;chair curtain person ;7;som
595922;stand ;7;top
609301;sledding ;8;som
312770;text  bush concrete ;11;top
733324;hand green ;7;som
578004;screen stage ;3;top
578004;screen city ;11;top
633863;knife vegetables ;11;som
757607;wheelchair ;5;top
405349;hand lemon ;2;som
380564;microphone head ;8;top
828435;chair garden house ;4;som
783244;plaza pavement ;15;top
1003086;guitarist yellow shirt ;3;som
281943;trees bycycle helmet ;8;top
281943;trees bycycle helmet ramp ;12;top
1080823;temple ;13;som
744979;floor circular ;5;top
541161;bedroom window ;3;som
1147086;fireman smoke  dark ;11;top
343;hindu;4;som
647700;two man suit belt ;3;top
647700;two man suit belt sky ;4;top
20379;tree snow sky ;2;som
127721;night lights neon ;9;top
900219;text billboard night brick ;8;som
958292;sunglasses suit window man head back ;2;top
958292;sunglasses suit two man back ;4;top
1098994;jeep grassland ;2;som
667883;snow sky rock red jacket mountain ;5;som
920562;fishing white shirt cap ;2;top
189079;snow surf ;4;som
1025320;hair face bracelet hand bra ;8;top
300925;closet black suit ;3;top
727362;picture hair door ;2;som
1080405;guitar player microphone ;4;top
346112;group road cliff people ;5;som
860818;field parachute strings ;7;top
860818;field parachute ;18;top
234980;hand tablet brick ;4;som
827903;tree street people sunglasses crowd ;15;som
373440;concrete man ;8;top
83008;newspaper ;3;som
806108;woman street paris tower ;5;top
132527;child building car hat ;2;som
340554;club person green ;2;top
415597;map man room shirt boy ;2;som
394281;man shirt glasses ;4;top
1145030;wedding woman flower white dress outside ;6;som
1145030;wedding woman man flower white dress outside suit veil ;2;som
337634;document list  paper ;6;top
337634;document list  paper important writing ;3;top
337634;document list  paper important printed ;3;top
1016254;bicycle mountains path ;3;som
486688;bed hotel rich curtains wedding ;7;top
486688;bed hotel rich curtains wedding white ;3;top
486688;bed hotel rich curtains white ;2;top
486688;wedding curtains white roses petals hotel altar inside ;8;top
785006;trampoline child green ;3;som
495903;race street motorcycle ;2;top
1153009;man shop clothes ;4;som
1153009;man shop clothes hug dress ;4;som
517109;chinese traffic billboard sign street nature ;4;top
109923;door people glass ;2;som
272999;forest meadow green ;2;top
178150;rob man cap door room gun ;2;som
95394;raft person big see wave ;4;top
502449;woman redhead glasses street ;2;som
502449;woman redhead glasses street curly ;2;som
502449;woman redhead glasses street outside ;5;som
599777;people blue conference sitting ;3;top
219484;man sand hat glasses ;3;som
219484;man sand hat glasses clouds ;2;som
1130564;lighthouse bricks ;3;top
1130564;castle bricks sea coast ;3;top
799783;chairs church monk ;3;top
609301;snow  tree person child coat old ;6;top
609301;snow  tree person child coat old fuzzy ;5;top
733324;handshake bracelet;3;top
733324;handshake bracelet green ;2;top
578004;television big ;8;som
633863;knife board cut ;6;top
633863;knife board cut white ;3;top
757607;wheelchair match green ;4;som
380564;microphone black woman ;4;som
828435;house chair door garden ;3;top
281943;bicycle helmet man outside ;6;som
1080823;church sky white ;5;top
541161;bed fan hanger window room ;2;top
541161;bed fan window room white ;2;top
541161;bed fan window room white frames ;2;top
647700;men guns suit outside ;2;som
1098994;safari jeep ;3;top
990334;man tent ;2;som
667883;mouintans snowboarder snow ;8;top
920562;fishing boat water ;2;som
189079;snow flag mountains ;2;top
189079;snow flag mountains clouds ;3;top
1025320;brida veil ;2;som
1025320;brida veil dressing preparation ;2;som
799783;church celebration ;10;top
595922;crowd stadium cameraman ;4;som
609301;snow kid photograph ;6;top
312770;sign wall greenery ;8;som
733324;woman hand hand park ;2;top
578004;screen dark stage ;13;som
578004;dark stage ;5;som
578004;dark stage light smoke ;3;som
578004;stage television ;5;som
578004;dark television;4;som
757607;wheelchair green gym ;4;som
405349;hand fruit ;4;top
380564;black man singing ;3;som
380564;man singing microphone ;10;som
380564;man singing microphone room ;7;som
